Name,URL
Bhaktapur Durbar Square,"https://www.google.com/maps/place/Bhaktapur+Durbar+Square/@27.67207,85.4257202,17z/data=!4m8!3m7!1s0x39eb1aafec32df31:0xdda339e731af9bfd!8m2!3d27.67207!4d85.4282951!9m1!1b1!16s%2Fm%2F0h1g9sk?hl=en&entry=ttu&g_ep=EgoyMDI0MTIxMS4wIKXMDSoASAFQAw%3D%3D"
Changu Narayan,Error
Nyatapola Temple,Error
Siddha Pokhari,Error
Thimi,Error
"Bhairavnath Temple, Bhaktapur",Error
"The Lion Gate, Bhaktapur","https://www.google.com/maps/place/Golden+Gate/@27.6721136,85.425799,17z/data=!4m7!3m6!1s0x39eb1aaf95b64785:0x609f229c02797571!8m2!3d27.6721136!4d85.4283739!10e1!16s%2Fg%2F1tffxxq7?hl=en&entry=ttu&g_ep=EgoyMDI0MTIxMS4wIKXMDSoASAFQAw%3D%3D"
Taleju Temple,"https://www.google.com/maps/place/Taleju+Bhawani+Temple/@27.7049154,85.3054718,17z/data=!4m7!3m6!1s0x39eb1856025cc86b:0x25c94a661e5bf981!8m2!3d27.7049154!4d85.3080467!10e1!16s%2Fg%2F1tdvhl5v?hl=en&entry=ttu&g_ep=EgoyMDI0MTIxMS4wIKXMDSoASAFQAw%3D%3D"
Shree Vishwokarma Agam Chhen,Error
Aadipadma Mahavihar,Error
Lokeshwor temple of Bhaktapur,Error
Indra Varna Mahavihar (Inabaha),Error
Mangal Dharmadweep Mahavihar (Jhaur Bahi),Error
Dipankar Mahavihar,"https://www.google.com/maps/place/Dipankar+Vihar/@27.674884,85.4317349,17z/data=!4m7!3m6!1s0x39eb1ab287908381:0x83b939d0e50891be!8m2!3d27.674884!4d85.4343098!10e1!16s%2Fg%2F1hm382rgq?hl=en&entry=ttu&g_ep=EgoyMDI0MTIxMS4wIKXMDSoASAFQAw%3D%3D"
Jayakriti Mahavihar (Thathu Bahi),Error
Chuma Ganesha Temple,Error
Salan Ganesh Dyo Chhen,Error
Aesamari Sattal of Taumadhi Square,"https://www.google.com/maps/place/Aesamari+Sattal/@27.67092,85.4265306,17z/data=!4m7!3m6!1s0x39eb1b82088c9995:0xc5a3ca48f6d867c8!8m2!3d27.67092!4d85.4291055!10e1!16s%2Fg%2F11rfdvylxd?hl=en&entry=ttu&g_ep=EgoyMDI0MTIxMS4wIKXMDSoASAFQAw%3D%3D"
Jetha Ganesh Temple,Error
Uma Maheshwor temple,"https://www.google.com/maps/place/Uma+Maheshwor+Temple/@27.679881,85.2720813,17z/data=!4m7!3m6!1s0x39eb180ad1600351:0xfe11614aefc9dd09!8m2!3d27.679881!4d85.2746562!10e1!16s%2Fg%2F1tjtgpd8?hl=en&entry=ttu&g_ep=EgoyMDI0MTIxMS4wIKXMDSoASAFQAw%3D%3D"
Bhajyapukhu of Bhaktapur,Error
Tripurasundari Dhungedhara (the stone conduit of Tripurasundari),Error
Jagannath temple of Tulachhen,Error
The image of Chatur Narayan,Error
Digu Bhairava Temple,Error
Bakhachhen Mahadev Temple and Siwa Ganesh temple,Error
Gunakriti Mahavihar,Error
Vishnu Kunda (Sungaa Pukhu),Error
Shree 3 Vishnu Bir mai Temple (Sungaa Dyo),Error
Thimi Layaku,Error
Ranipokhari of Bhaktapur,Error
Siddhi Ganesh Temple and Dyo Chhen,Error
Divyashwori temple,Error
Nil Barahi Temple,"https://www.google.com/maps/place/Nil+Barahi+Temple/@27.6993794,85.3943642,17z/data=!4m7!3m6!1s0x39eb1af8623fd56d:0x349d2e9b4e133a7f!8m2!3d27.6993794!4d85.3969391!10e1!16s%2Fg%2F1td0lf4x?hl=en&entry=ttu&g_ep=EgoyMDI0MTIxMS4wIKXMDSoASAFQAw%3D%3D"
Mahalaxmi temple of Bode,Error
Siddhi Kali Temple,"https://www.google.com/maps/place/Siddhikali+Temple/@27.6806137,85.380479,17z/data=!4m7!3m6!1s0x39eb1a69041b2049:0x235ba39d475628b6!8m2!3d27.6806137!4d85.3830539!10e1!16s%2Fg%2F11h9xhyytc?hl=en&entry=ttu&g_ep=EgoyMDI0MTIxMS4wIKXMDSoASAFQAw%3D%3D"
Wane Layaku,Error
Tribikram Narayan Temple,Error
Yetachapari,Error
Tadhuchhen Bahal,Error
"Wakupati Narayan Temple, Bhaktapur",Error
Annapurna ,Error
Nigoo pukhu(Dui pokhari),Error
Lokeshwor Temple (Hiranyavarna Mahavihar),Error
"Brass and Bronze museum of Bhaktapur, Nepal","https://www.google.com/maps/place/Brass+and+Bronze+Museum/@27.6735357,85.4330906,17z/data=!4m7!3m6!1s0x39eb1bf0722f9765:0xf62427656f6c73e4!8m2!3d27.6735357!4d85.4356655!10e1!16s%2Fg%2F11q28lqwf_?hl=en&entry=ttu&g_ep=EgoyMDI0MTIxMS4wIKXMDSoASAFQAw%3D%3D"
"Wood carving museum of Bhaktapur, Nepal","https://www.google.com/maps/place/Wood+Carving+Museum/@27.6733373,85.4328836,17z/data=!4m7!3m6!1s0x39eb1aad70064ddb:0x6fb10f307de1013f!8m2!3d27.6733373!4d85.4354585!10e1!16s%2Fg%2F11b6skzh8w?hl=en&entry=ttu&g_ep=EgoyMDI0MTIxMS4wIKXMDSoASAFQAw%3D%3D"
Sundhara,Error
Salan Ganesh Temple and the pond,Error
The existence of Laxmi Narayan temple in Dattatraya Square,Error
Bhimsen temple of Bhaktapur,Error
Til Madhav Narayan Temple,Error
Kileshwor Mahadev Temple,Error
Chinna Masta Temple,Error
Balkumari Temple of Thimi,"https://www.google.com/maps/place/Balkumari+Temple/@27.6758251,85.3827455,17z/data=!4m7!3m6!1s0x39eb1a6f705f59db:0x49d07a6a1874d353!8m2!3d27.6758251!4d85.3853204!10e1!16s%2Fg%2F1tcyq7hg?hl=en&entry=ttu&g_ep=EgoyMDI0MTIxMS4wIKXMDSoASAFQAw%3D%3D"
National Art Museum,"https://www.google.com/maps/place/National+Art+Museum/@27.6721934,85.4255757,17z/data=!4m7!3m6!1s0x39eb1aad707a772d:0x98b9ad54b98c046d!8m2!3d27.6721934!4d85.4281506!10e1!16s%2Fg%2F11b6xgqhfl?hl=en&entry=ttu&g_ep=EgoyMDI0MTIxMS4wIKXMDSoASAFQAw%3D%3D"
Badrinath temple,"https://www.google.com/maps/place/Shri+Badarinath+Dham/@30.7447782,79.488503,17z/data=!4m8!3m7!1s0x39a78c1fc736a8e5:0xb19c97240a0e94ef!8m2!3d30.7448079!4d79.4912552!9m1!1b1!16s%2Fm%2F026gvdv?hl=en&entry=ttu&g_ep=EgoyMDI0MTIxMS4wIKXMDSoASAFQAw%3D%3D"
Kedarnath temple,"https://www.google.com/maps/place/Shri+Kedarnath+Jyotirlinga+Temple/@30.7346267,79.0643194,17z/data=!4m8!3m7!1s0x39083ee08aa6b0b5:0xdbbdae8b9602ee02!8m2!3d30.7346267!4d79.0668943!9m1!1b1!16s%2Fm%2F026jlcg?hl=en&entry=ttu&g_ep=EgoyMDI0MTIxMS4wIKXMDSoASAFQAw%3D%3D"
Rameshwor temple,Error
Radhakrishna temple,Error
Jagannath temple,Error
Chyasalin mandap,"https://www.google.com/maps/place/Chyasilin+Mandap+(%E0%A4%9A%E0%A5%8D%E0%A4%AF%E0%A4%BE%E0%A4%B8%E0%A4%BF%E0%A4%B2%E0%A4%BF%E0%A4%82+%E0%A4%AE%E0%A4%A3%E0%A5%8D%E0%A4%A1%E0%A4%AA)/@27.6720729,85.4260213,17z/data=!4m7!3m6!1s0x39eb1aafbded31bd:0xbd83a5f846a74273!8m2!3d27.6720729!4d85.4285962!10e1!16s%2Fg%2F11hcfs7plm?hl=en&entry=ttu&g_ep=EgoyMDI0MTIxMS4wIKXMDSoASAFQAw%3D%3D"
Lanpadegal,Error
Silu Mahadev,Error
Taleju bell ( Tagoun Ghan),"https://www.google.com/maps/place/Taleju+Bell/@27.6729812,85.3223697,17z/data=!4m7!3m6!1s0x39eb19fe14622989:0x3f2eb410c8a0c8d!8m2!3d27.6729812!4d85.3249446!10e1!16s%2Fg%2F11frdz8ll7?hl=en&entry=ttu&g_ep=EgoyMDI0MTIxMS4wIKXMDSoASAFQAw%3D%3D"
Layekuhiti ( Sunken hiti),Error
Changu Narayan temple,"https://www.google.com/maps/place/Changu+Narayan+Temple/@27.7163249,85.4252472,17z/data=!4m7!3m6!1s0x39eb1b3748a001fb:0x69a05c6b246b6428!8m2!3d27.7163249!4d85.4278221!10e1!16s%2Fg%2F11y1g6592n?hl=en&entry=ttu&g_ep=EgoyMDI0MTIxMS4wIKXMDSoASAFQAw%3D%3D"
Bhairavanath temple,Error
Yakshyeshwor temple,Error
Dattatraya temple,Error
Siddhi Laxmi temple,Error
The most fascinating Statue of King Bhupatindra Malla,"https://www.google.com/maps/place/Statue+of+King+Bhupatindra+Malla/@27.6720189,85.4257732,17z/data=!4m7!3m6!1s0x39eb1aaf942a4105:0x97aeccd1ad30dfcc!8m2!3d27.6720189!4d85.4283481!10e1!16s%2Fg%2F1tptp08d?hl=en&entry=ttu&g_ep=EgoyMDI0MTIxMS4wIKXMDSoASAFQAw%3D%3D"
Nyatapola Temple,"https://www.google.com/maps/place/Nyatapola+Temple/@27.6713593,85.4267536,17z/data=!4m7!3m6!1s0x39eb1aafaf52a8d9:0x8552bfb072200f12!8m2!3d27.6713593!4d85.4293285!10e1!16s%2Fm%2F07kj101?hl=en&entry=ttu&g_ep=EgoyMDI0MTIxMS4wIKXMDSoASAFQAw%3D%3D"
Siddha Pokhari,Error
Ugrachandi,Error
Golden gate,Error
55 window palace,"https://www.google.com/maps/place/55+Window+Palace/@27.6721559,85.4260035,17z/data=!4m7!3m6!1s0x39eb1aafbe31d80b:0xf020d0bdb5f6687a!8m2!3d27.6721559!4d85.4285784!10e1!16s%2Fg%2F11c1t5d7nh?hl=en&entry=ttu&g_ep=EgoyMDI0MTIxMS4wIKXMDSoASAFQAw%3D%3D"
Vatsala Durga Temple,Error
Maligaun hiking trail,Error
"A short hike to Doleshwor Mahadev temple, Bhaktapur","https://www.google.com/maps/place/Doleshwar+Mahadev+Temple/@27.6388668,85.4358342,17z/data=!4m8!3m7!1s0x39eb102067c08f1d:0x53d813e833fbae4!8m2!3d27.6388668!4d85.4384091!9m1!1b1!16s%2Fm%2F0ll0t_h?hl=en&entry=ttu&g_ep=EgoyMDI0MTIxMS4wIKXMDSoASAFQAw%3D%3D"
Ranikot hike,Error
Stepping out from Nagarkot to Changunarayan,Error
Pilot Baba Hike,"https://www.google.com/maps/place/Pilot+Baba+Ashram/@27.6401489,85.4200842,17z/data=!4m7!3m6!1s0x39eb1017af41f153:0xa2f002c97871ccb9!8m2!3d27.6401489!4d85.4226591!10e1!16s%2Fg%2F12hlv64st?hl=en&entry=ttu&g_ep=EgoyMDI0MTIxMS4wIKXMDSoASAFQAw%3D%3D"
Betana Wetland,Error
wakupati narayan,Error
kushma Bungee ,Error
Gadhimai Temple,Error
Thupten Monastery ,Error
Bhadrakali Temple,Error
Kasthamandapa,Error
Dahare Deurali,Error
Bote Bora Pvt ltd ,Error
Davis Fall Pokhara,"https://www.google.com/maps/place/Devi%E2%80%99s+Fall+Pokhara/@28.1895642,83.9560888,17z/data=!4m7!3m6!1s0x399595134e82378f:0xb581716c3b162f6b!8m2!3d28.1895642!4d83.9586637!10e1!16s%2Fm%2F0gywxny?hl=en&entry=ttu&g_ep=EgoyMDI0MTIxMS4wIKXMDSoASAFQAw%3D%3D"
Shiva Statue,Error
RaniPokhari,Error
Taragaun Museum,"https://www.google.com/maps/place/Taragaon+Next/@27.720188,85.3536141,17z/data=!4m7!3m6!1s0x39eb1bd8464133c1:0x3a7e495388eda2a1!8m2!3d27.720188!4d85.356189!10e1!16s%2Fg%2F11b6lp39db?hl=en&entry=ttu&g_ep=EgoyMDI0MTIxMS4wIKXMDSoASAFQAw%3D%3D"
Muktinath Temple,"https://www.google.com/maps/place/Shree+Muktinath+Temple/@28.8166048,83.8701414,18z/data=!4m8!3m7!1s0x39be1420f935fa2f:0xb6f4363b17b0a97f!8m2!3d28.8169471!4d83.8717964!9m1!1b1!16zL20vMDZwX182?hl=en&entry=ttu&g_ep=EgoyMDI0MTIxMS4wIKXMDSoASAFQAw%3D%3D"
Gupteshwor Mahadev,Error
Hanuman Dhoka,"https://www.google.com/maps/place/Hanuman+Dhoka/@27.704272,85.3048421,17z/data=!4m7!3m6!1s0x39eb185619e147a5:0x5be3be61d1d41749!8m2!3d27.704272!4d85.307417!10e1!16s%2Fm%2F0bbzj25?hl=en&entry=ttu&g_ep=EgoyMDI0MTIxMS4wIKXMDSoASAFQAw%3D%3D"
Kakre Bihar,"https://www.google.com/maps/place/Kankre+Bihar+Surkhet/@28.5644175,81.6188279,17z/data=!4m7!3m6!1s0x39a285c5e6413069:0x88f815c1b28ab2d6!8m2!3d28.5644175!4d81.6214028!10e1!16s%2Fg%2F1tgnq1ly?hl=en&entry=ttu&g_ep=EgoyMDI0MTIxMS4wIKXMDSoASAFQAw%3D%3D"
Bish Hazari Lake,Error
kankalini Temple,Error
Sankata,Error
Baladhar Gupta Mahabihar,Error
Nava Durga Temple,"https://www.google.com/maps/place/Navadurga+Dyo+Chhen+Temple+%E0%A4%A8%E0%A4%B5%E0%A4%A6%E0%A5%81%E0%A4%B0%E0%A5%8D%E0%A4%97%E0%A4%BE+%E0%A4%A6%E0%A5%8D%E0%A4%AF%E0%A4%83+%E0%A4%9B%E0%A5%87%E0%A4%81/@27.6751675,85.4332019,17z/data=!4m7!3m6!1s0x39eb1ab2919a2d87:0xfae6beed082e892a!8m2!3d27.6751675!4d85.4357768!10e1!16s%2Fg%2F11crzv9sfc?hl=en&entry=ttu&g_ep=EgoyMDI0MTIxMS4wIKXMDSoASAFQAw%3D%3D"
Haleshi MahaDev,Error
kalika Bhagwati Temple,"https://www.google.com/maps/place/Kalika+Bhagwati+Temple,+Nepal/@28.2554203,83.6109879,17z/data=!4m7!3m6!1s0x3995e2180077cbe1:0xa1829da016da1401!8m2!3d28.2554203!4d83.6135628!10e1!16s%2Fg%2F11fj7m1gnf?hl=en&entry=ttu&g_ep=EgoyMDI0MTIxMS4wIKXMDSoASAFQAw%3D%3D"
Kalika Bhagwati Temple,"https://www.google.com/maps/place/Kalika+Bhagwati+Temple,+Nepal/@28.2554203,83.6109879,17z/data=!4m7!3m6!1s0x3995e2180077cbe1:0xa1829da016da1401!8m2!3d28.2554203!4d83.6135628!10e1!16s%2Fg%2F11fj7m1gnf?hl=en&entry=ttu&g_ep=EgoyMDI0MTIxMS4wIKXMDSoASAFQAw%3D%3D"
Budhasubba Temple,"https://www.google.com/maps/place/Budhasubba+Temple/@26.8232426,87.291046,17z/data=!4m7!3m6!1s0x39ef41798ff9d44d:0xc7ee029038b68f39!8m2!3d26.8232426!4d87.2936209!10e1!16s%2Fm%2F03clj95?hl=en&entry=ttu&g_ep=EgoyMDI0MTIxMS4wIKXMDSoASAFQAw%3D%3D"
Phewa Lake,"https://www.google.com/maps/place/Phewa+Lake/@28.2116264,83.9292059,14z/data=!4m7!3m6!1s0x39959520918498bb:0xfca6adfa336fd6c7!8m2!3d28.2153837!4d83.9453168!10e1!16s%2Fm%2F03m3_m_?hl=en&entry=ttu&g_ep=EgoyMDI0MTIxMS4wIKXMDSoASAFQAw%3D%3D"
Mahashila (Meldhunga),Error
Dharahara,Error
Rajdevi Mata Temple,Error
Shree Ram Mandir,Error
Thame Monastery ,Error
kailashnath Mahadev Statue,"https://www.google.com/maps/place/Kailashnath+Mahadev+Statue/@27.6460946,85.4716214,17z/data=!4m8!3m7!1s0x39eb0f753fffff8b:0xa7066333d51960b4!8m2!3d27.6460946!4d85.4741963!9m1!1b1!16s%2Fm%2F0j3gqrb?hl=en&entry=ttu&g_ep=EgoyMDI0MTIxMS4wIKXMDSoASAFQAw%3D%3D"
Bulbule Taal,Error
Jalapa Devi Temple,Error
Garden of Dreams ,"https://www.google.com/maps/place/Garden+of+Dreams/@27.7141261,85.3119292,17z/data=!4m8!3m7!1s0x39eb19028855e08b:0xf52bbdfaf2a1ae6a!8m2!3d27.7141261!4d85.3145041!9m1!1b1!16s%2Fm%2F0h7p_mr?hl=en&entry=ttu&g_ep=EgoyMDI0MTIxMS4wIKXMDSoASAFQAw%3D%3D"
Shani Mandir,Error
Mayurbarna Mahabihar,Error
Nepal Art Council ,"https://www.google.com/maps/place/Nepal+Art+Council/@27.6922589,85.321057,17z/data=!4m7!3m6!1s0x39eb19b072fbdd63:0xab78515baf0094e3!8m2!3d27.6922589!4d85.3236319!10e1!16s%2Fg%2F1hm24pb1m?hl=en&entry=ttu&g_ep=EgoyMDI0MTIxMS4wIKXMDSoASAFQAw%3D%3D"
Taleju Temple,"https://www.google.com/maps/place/Taleju+Bhawani+Temple/@27.7049154,85.3054718,17z/data=!4m7!3m6!1s0x39eb1856025cc86b:0x25c94a661e5bf981!8m2!3d27.7049154!4d85.3080467!10e1!16s%2Fg%2F1tdvhl5v?hl=en&entry=ttu&g_ep=EgoyMDI0MTIxMS4wIKXMDSoASAFQAw%3D%3D"
External Peace Flame,Error
Krishna Temple,Error
Umbrella Street,"https://www.google.com/maps/place/UMBRELLA+STREET,+PATIHANI/@27.5705854,84.3580679,17z/data=!4m7!3m6!1s0x3994f1434aabec65:0xdd65e9997f79f2f1!8m2!3d27.5705854!4d84.3606428!10e1!16s%2Fg%2F11fs7_vtns?hl=en&entry=ttu&g_ep=EgoyMDI0MTIxMS4wIKXMDSoASAFQAw%3D%3D"
Rudrabarna Mahabihar,Error
Jesthabarna Mahabihar,Error
Namobuddha Monastery,Error
Dharmakirti Mahabihar,Error
Kalinchowk Bhagawati Temple,Error
Panch Pokhari,Error
Bhootnath Mahadev Temple,Error
Gokarneshwor Mahadev Temple,Error
Bethanchok Narayansthan,Error
Siddhartha Art Gallery,"https://www.google.com/maps/place/Siddhartha+Art+Gallery/@27.6944534,85.3201214,17z/data=!4m7!3m6!1s0x39eb19afde183abb:0xfc8bec5839523db9!8m2!3d27.6944534!4d85.3226963!10e1!16s%2Fg%2F1tdpkhb4?hl=en&entry=ttu&g_ep=EgoyMDI0MTIxMS4wIKXMDSoASAFQAw%3D%3D"
Gosaikunda Lake,"https://www.google.com/maps/place/Gosainkunda/@28.0822914,85.4109926,17z/data=!4m7!3m6!1s0x39eaefb4ce7a5a77:0x169c2756b8837dea!8m2!3d28.0820059!4d85.414986!10e1!16zL20vMDR2MWNk?hl=en&entry=ttu&g_ep=EgoyMDI0MTIxMS4wIKXMDSoASAFQAw%3D%3D"
Diyalo Bangala,Error
Nuwakot Palace ,"https://www.google.com/maps/place/Nuwakot+Palace/@27.9137229,85.1620462,17z/data=!4m7!3m6!1s0x39ead96b9e58fdd3:0x9e1178fe821ca17e!8m2!3d27.9137229!4d85.1646211!10e1!16s%2Fg%2F1tpn0zsb?hl=en&entry=ttu&g_ep=EgoyMDI0MTIxMS4wIKXMDSoASAFQAw%3D%3D"
Nagarkot,Error
Siddhapokhari,Error
Pilot Baba Aashram,"https://www.google.com/maps/place/Pilot+Baba+Ashram/@27.6401489,85.4200842,17z/data=!4m7!3m6!1s0x39eb1017af41f153:0xa2f002c97871ccb9!8m2!3d27.6401489!4d85.4226591!10e1!16s%2Fg%2F12hlv64st?hl=en&entry=ttu&g_ep=EgoyMDI0MTIxMS4wIKXMDSoASAFQAw%3D%3D"
Pottery Square ,Error
Aakash Bhairab Mandir,Error
Manakamana Temple,Error
Guhyeshwari Shaktipeeth Temple,"https://www.google.com/maps/place/Guhyeshwari+Shaktipeeth+Temple/@27.7112609,85.3508567,17z/data=!4m7!3m6!1s0x39eb197e6bfc9b79:0x6c8d555905c09552!8m2!3d27.7112609!4d85.3534316!10e1!16s%2Fm%2F0263tzq?hl=en&entry=ttu&g_ep=EgoyMDI0MTIxMS4wIKXMDSoASAFQAw%3D%3D"
Naxal Bhagawati Temple,"https://www.google.com/maps/place/Shree+Naxal+Bhagawati+Temple/@27.7126954,85.3262344,17z/data=!4m7!3m6!1s0x39eb190ea12f729d:0xf0835e5b0dbb4402!8m2!3d27.7126954!4d85.3288093!10e1!16s%2Fg%2F1x6q0576?hl=en&entry=ttu&g_ep=EgoyMDI0MTIxMS4wIKXMDSoASAFQAw%3D%3D"
Chamunda Mandir,Error
Hyagrib Bhairab Mandir,Error
Sapta Patal Pokhari,Error
Agnishala,"https://www.google.com/maps/place/Agnishaal/@27.6725803,85.3187607,17z/data=!4m7!3m6!1s0x39eb19cfacbeef2d:0x556e39187761278a!8m2!3d27.6725803!4d85.3213356!10e1!16s%2Fg%2F11cn3ddkg1?hl=en&entry=ttu&g_ep=EgoyMDI0MTIxMS4wIKXMDSoASAFQAw%3D%3D"
Uperdangadi Chitwan,"https://www.google.com/maps/place/Uppardang+Gadi+(Chitwan)/@27.7618368,84.5803153,17z/data=!4m7!3m6!1s0x3994e140d4cf28c9:0x1a006a6db90252df!8m2!3d27.7618368!4d84.5828902!10e1!16s%2Fg%2F11fk0psrmt?hl=en&entry=ttu&g_ep=EgoyMDI0MTIxMS4wIKXMDSoASAFQAw%3D%3D"
Machchhindranath Ko Aama,Error
Doleshwar Mahadev Temple,"https://www.google.com/maps/place/Doleshwar+Mahadev+Temple/@27.6388668,85.4358342,17z/data=!4m8!3m7!1s0x39eb102067c08f1d:0x53d813e833fbae4!8m2!3d27.6388668!4d85.4384091!9m1!1b1!16s%2Fm%2F0ll0t_h?hl=en&entry=ttu&g_ep=EgoyMDI0MTIxMS4wIKXMDSoASAFQAw%3D%3D"
Jai Manohar Mahabihar,Error
Mani Mandap Mahabihar,Error
Bikram Baba Temple,Error
Lumbini Museum,"https://www.google.com/maps/place/Lumbini+Museum/@27.4891667,83.2746473,17z/data=!4m7!3m6!1s0x399693669ccbbfed:0x1053fc6bfc44421b!8m2!3d27.4891667!4d83.2772222!10e1!16s%2Fm%2F04cdb7y?hl=en&entry=ttu&g_ep=EgoyMDI0MTIxMS4wIKXMDSoASAFQAw%3D%3D"
Tal Barahi Temple,"https://www.google.com/maps/place/Tal+Barahi+Temple,+Pokhara/@28.207418,83.9508502,17z/data=!4m8!3m7!1s0x3995951f515b5711:0xe7224ee045a0256a!8m2!3d28.207418!4d83.9534251!9m1!1b1!16s%2Fm%2F0131_0ws?hl=en&entry=ttu&g_ep=EgoyMDI0MTIxMS4wIKXMDSoASAFQAw%3D%3D"
Elephant Breeding Center,"https://www.google.com/maps/place/Elephant+Breeding+Center/@27.5819444,84.4604807,17z/data=!4m7!3m6!1s0x3994efb4ebeb6067:0x263facb8fc046bcf!8m2!3d27.5819444!4d84.4630556!10e1!16s%2Fg%2F1ts1l15j?hl=en&entry=ttu&g_ep=EgoyMDI0MTIxMS4wIKXMDSoASAFQAw%3D%3D"
Mani Chaitya,Error
kusunti Kumar Mandir,Error
Dattanam Mahabihar,Error
Ashok Stupa Ibahi,Error
Patan Museum,"https://www.google.com/maps/place/Patan+Museum/@27.6733773,85.3227612,17z/data=!4m8!3m7!1s0x39eb19c5a747fba5:0x8422c2c36932c5b!8m2!3d27.6733773!4d85.3253361!9m1!1b1!16s%2Fm%2F04cdb88?hl=en&entry=ttu&g_ep=EgoyMDI0MTIxMS4wIKXMDSoASAFQAw%3D%3D"
Bhai Dega ,Error
Bhat Bhateni Temple,Error
Bishwonath Mandir,Error
Jalbinayak Mandir,Error
Purnachandi Mandir,"https://www.google.com/maps/place/Shree+Purnachandi+Temple/@27.6735749,85.3176612,17z/data=!4m7!3m6!1s0x39eb19cef3984713:0x2cc941162e32cc3!8m2!3d27.6735749!4d85.3202361!10e1!16s%2Fg%2F11r9fb61q?hl=en&entry=ttu&g_ep=EgoyMDI0MTIxMS4wIKXMDSoASAFQAw%3D%3D"
Krishna Mandir,Error
Gunalakshmi Mahabihar,Error
Pimbahal Pokhari,Error
Degu Taleju Mandir,"https://www.google.com/maps/place/Taleju+Bhawani+Temple/@27.7049154,85.3054718,17z/data=!4m7!3m6!1s0x39eb1856025cc86b:0x25c94a661e5bf981!8m2!3d27.7049154!4d85.3080467!10e1!16s%2Fg%2F1tdvhl5v?hl=en&entry=ttu&g_ep=EgoyMDI0MTIxMS4wIKXMDSoASAFQAw%3D%3D"
Bhringeshwor Mahadev Mandir,Error
Ashok Stupa Pulchowk,"https://www.google.com/maps/place/Ashok+Stupa+West+(Pucho:+Thur)/@27.6771339,85.3134413,17z/data=!4m7!3m6!1s0x39eb19cb7436e0e7:0x9d1d4a2e7b06c94!8m2!3d27.6771339!4d85.3160162!10e1!16s%2Fm%2F0472hht?hl=en&entry=ttu&g_ep=EgoyMDI0MTIxMS4wIKXMDSoASAFQAw%3D%3D"
Kumarighar,"https://www.google.com/maps/place/Kumari+Ghar/@27.7037217,85.3038968,17z/data=!4m7!3m6!1s0x39eb18563743a4cf:0x13f814dd7f12d7ad!8m2!3d27.7037217!4d85.3064717!10e1!16s%2Fg%2F1vd6_r8z?hl=en&entry=ttu&g_ep=EgoyMDI0MTIxMS4wIKXMDSoASAFQAw%3D%3D"
Basuki Nag Mandir,Error
Chandeshwori Temple,Error
Phatak,Error
Mahalakshmi Sthan,Error
	Chapat Ganesh Mandir,Error
Rudrayani Mandir,Error
Bouddha ,Error
Minnath Mandir,Error
Bangalamukhi Mandir,Error
Harishankar Mandir,Error
Uttare Pokhari (North Pond),Error
Sat Tale Waterfall,"https://www.google.com/maps/place/Sat+Tale+Waterfall+(lower+end)/@28.2023623,82.3129975,17z/data=!4m7!3m6!1s0x3997f1cd9bb60c4f:0xee952a4a8918b122!8m2!3d28.2023623!4d82.3155724!10e1!16s%2Fg%2F11jy5rsv9x?hl=en&entry=ttu&g_ep=EgoyMDI0MTIxMS4wIKXMDSoASAFQAw%3D%3D"
Ratna Park,Error
Tareveer,Error
Mani Ganesh Mandir,Error
kan Dewata Mandir,Error
Yashodhara Mahabihar,Error
Yognarendra Salik,"https://www.google.com/maps/place/King+Yognarendra+Malla%E2%80%99s+statue,+%E0%A4%AF%E0%A5%8B%E0%A4%97%E0%A4%A8%E0%A4%B0%E0%A5%87%E0%A4%A8%E0%A5%8D%E0%A4%A6%E0%A5%8D%E0%A4%B0+%E0%A4%AE%E0%A4%B2%E0%A5%8D%E0%A4%B2+%E0%A4%B8%E0%A5%8D%E0%A4%A4%E0%A4%82%E0%A4%AD/@27.6732526,85.3224686,17z/data=!4m7!3m6!1s0x39eb1990829f2bbd:0x36740936b65f02df!8m2!3d27.6732526!4d85.3250435!10e1!16s%2Fg%2F11h58fwhx3?hl=en&entry=ttu&g_ep=EgoyMDI0MTIxMS4wIKXMDSoASAFQAw%3D%3D"
Shree Krishna Pranami Mandir ,Error
Changu Museum,"https://www.google.com/maps/place/Changu+Museum/@27.716396,85.4266486,17z/data=!4m7!3m6!1s0x39eb1b2f154b5ce9:0xe4c19b26c240cde7!8m2!3d27.716396!4d85.4292235!10e1!16s%2Fg%2F1tfrvxkk?hl=en&entry=ttu&g_ep=EgoyMDI0MTIxMS4wIKXMDSoASAFQAw%3D%3D"
Narayanhiti Palace,"https://www.google.com/maps/place/Narayanhiti+Royal+Palace/@27.7148218,85.3155092,17z/data=!4m8!3m7!1s0x39eb191ca61437a3:0x13b2693c01ed2c18!8m2!3d27.7148218!4d85.3180841!9m1!1b1!16s%2Fm%2F03nnysg?hl=en&entry=ttu&g_ep=EgoyMDI0MTIxMS4wIKXMDSoASAFQAw%3D%3D"
Kali Mandir,Error
Jyotirlingeshwor Mahadev Temple,Error
Swayambhunath ,"https://www.google.com/maps/place/Swoyambhu+Mahachaitya/@27.7148996,85.2878208,17z/data=!4m8!3m7!1s0x39eb188d9b82c8ad:0xae31bde410797bf7!8m2!3d27.7148996!4d85.2903957!9m1!1b1!16zL20vMGJwN3Jq?hl=en&entry=ttu&g_ep=EgoyMDI0MTIxMS4wIKXMDSoASAFQAw%3D%3D"
Aadeshwar Mahadev Temple,"https://www.google.com/maps/place/Aadeshwar+Mahadev+Temple/@27.7227054,85.2683607,17z/data=!4m7!3m6!1s0x39eb2275c01c7d03:0xf24a3d3493fdf416!8m2!3d27.7227054!4d85.2709356!10e1!16s%2Fg%2F12q4r365f?hl=en&entry=ttu&g_ep=EgoyMDI0MTIxMS4wIKXMDSoASAFQAw%3D%3D"
Durga Temple,Error
Maitidevi Temple,"https://www.google.com/maps/place/Maitidevi+Temple/@27.705875,85.3314312,17z/data=!4m7!3m6!1s0x39eb19a000ac6259:0x9d9f16732861e650!8m2!3d27.705875!4d85.3340061!10e1!16s%2Fg%2F1v4k4y74?hl=en&entry=ttu&g_ep=EgoyMDI0MTIxMS4wIKXMDSoASAFQAw%3D%3D"
Uma Maheshwor Temple,"https://www.google.com/maps/place/Uma+Maheshwor+Temple/@27.679881,85.2720813,17z/data=!4m7!3m6!1s0x39eb180ad1600351:0xfe11614aefc9dd09!8m2!3d27.679881!4d85.2746562!10e1!16s%2Fg%2F1tjtgpd8?hl=en&entry=ttu&g_ep=EgoyMDI0MTIxMS4wIKXMDSoASAFQAw%3D%3D"
Bagh Bhairab Temple,Error
Ashok Stupa Teta,Error
Switzerland Park,Error
Changu Narayan Temple,"https://www.google.com/maps/place/Changu+Narayan+Temple/@27.7163249,85.4252472,17z/data=!4m7!3m6!1s0x39eb1b3748a001fb:0x69a05c6b246b6428!8m2!3d27.7163249!4d85.4278221!10e1!16s%2Fg%2F11y1g6592n?hl=en&entry=ttu&g_ep=EgoyMDI0MTIxMS4wIKXMDSoASAFQAw%3D%3D"
Nagpokhari Pond,Error
Gahana Pokhari Pond,Error
Tundaldevi Mandir,Error
Katyayini Mandir,"https://www.google.com/maps/place/Katyayani+Temple/@27.6951375,85.3429938,17z/data=!4m7!3m6!1s0x39eb19855af327f5:0x573a75d895edf70e!8m2!3d27.6951375!4d85.3455687!10e1!16s%2Fg%2F1tf5j17v?hl=en&entry=ttu&g_ep=EgoyMDI0MTIxMS4wIKXMDSoASAFQAw%3D%3D"
Chunadevi Temple,Error
Bhaktapur Museum,Error
Pachali Bhairab Mandir,"https://www.google.com/maps/place/Shree+Pachali+Bhairav+(Tepa+Aaju+Dya)+Temple/@27.6941327,85.3026383,17z/data=!4m7!3m6!1s0x39eb18503a7341fd:0xc0f880e29050b724!8m2!3d27.6941327!4d85.3052132!10e1!16s%2Fg%2F1tgc7yk8?hl=en&entry=ttu&g_ep=EgoyMDI0MTIxMS4wIKXMDSoASAFQAw%3D%3D"
Chhetrapati Swaan-Chhapu Ganeshthan,Error
"Krishna Mandir, Damaitole",Error
Jagannath Mandir,Error
Shree Kaal Bhairav Temple,"https://www.google.com/maps/place/Shree+Kaal+Bhairav+Temple/@27.7047758,85.3045494,17z/data=!4m8!3m7!1s0x39eb18561fb057af:0xdef0b126925867f8!8m2!3d27.7047758!4d85.3071243!9m1!1b1!16s%2Fg%2F11n1_9nv7t?hl=en&entry=ttu&g_ep=EgoyMDI0MTIxMS4wIKXMDSoASAFQAw%3D%3D"
Bhimsensthan-Bhin: Dyo Temple,Error
Kalikasthan Mandir,Error
Ghanta Ghar Kathmandu,Error
Baneshwor Temple- ???????? ???????????,Error
Babarmahal Palace,Error
Kaiser Mahal Palace,"https://www.google.com/maps/place/Keshar+Mahal/@27.7146977,85.3119318,17z/data=!4m7!3m6!1s0x39eb191aaaaaaaab:0xdcd5ea8b29c5500f!8m2!3d27.7146977!4d85.3145067!10e1!16s%2Fg%2F11b8kv7s6p?hl=en&entry=ttu&g_ep=EgoyMDI0MTIxMS4wIKXMDSoASAFQAw%3D%3D"
Banbatika Park,"https://www.google.com/maps/place/Banbatika+Park/@27.6527416,83.4798503,17z/data=!4m7!3m6!1s0x39968440f1c6b849:0x469f322ac7a3ff15!8m2!3d27.6527416!4d83.4824252!10e1!16s%2Fg%2F1hhj5d3_c?hl=en&entry=ttu&g_ep=EgoyMDI0MTIxMS4wIKXMDSoASAFQAw%3D%3D"
Kankeshwor Mandir,Error
Nil Saraswati Mandir,"https://www.google.com/maps/place/Neel+Saraswoti+Temple/@27.7200248,85.3233735,17z/data=!4m7!3m6!1s0x39eb191057816189:0x9f9bed6897404d48!8m2!3d27.7200248!4d85.3259484!10e1!16s%2Fg%2F11b6pz9mmg?hl=en&entry=ttu&g_ep=EgoyMDI0MTIxMS4wIKXMDSoASAFQAw%3D%3D"
Sauraha Tharu Village ,"https://www.google.com/maps/place/SAURAHA+THARU+VILLAGE+PVT+LTD/@27.5873024,84.4912433,17z/data=!4m7!3m6!1s0x3994ef2bffd54443:0x50dd6cde4640f605!8m2!3d27.5873024!4d84.4938182!10e1!16s%2Fg%2F11lpry32d9?hl=en&entry=ttu&g_ep=EgoyMDI0MTIxMS4wIKXMDSoASAFQAw%3D%3D"
Ram Mandir Battisputali ,Error
Kotilingeshwor Mahadev Mandir,Error
Lumbini,Error
World Peace Pagoda,Error
Gorkha Durbar Palace ,Error
Shanti Stupa,Error
Shree Bindhyabasini Temple,"https://www.google.com/maps/place/Shree+Bindhyabasini+Temple/@28.2377642,83.9815981,17z/data=!4m8!3m7!1s0x3995945d57d28ba5:0xdd52869218279546!8m2!3d28.2377642!4d83.984173!9m1!1b1!16s%2Fm%2F0czcrtf?hl=en&entry=ttu&g_ep=EgoyMDI0MTIxMS4wIKXMDSoASAFQAw%3D%3D"
Bhaktapur Durbar Square,"https://www.google.com/maps/place/Bhaktapur+Durbar+Square/@27.67207,85.4257202,17z/data=!4m8!3m7!1s0x39eb1aafec32df31:0xdda339e731af9bfd!8m2!3d27.67207!4d85.4282951!9m1!1b1!16s%2Fm%2F0h1g9sk?hl=en&entry=ttu&g_ep=EgoyMDI0MTIxMS4wIKXMDSoASAFQAw%3D%3D"
Manga Hiti,Error
Maibeni,Error
Thumkerani,Error
Aahalbhanjyang,Error
Jaubari,Error
Mount Everest,"https://www.google.com/maps/place/Mt+Everest/@27.9881198,86.9146754,15z/data=!4m7!3m6!1s0x39e854a215bd9ebd:0x576dcf806abbab2!8m2!3d27.9881206!4d86.9249751!10e1!16zL20vMGJsYmQ?hl=en&entry=ttu&g_ep=EgoyMDI0MTIxMS4wIKXMDSoASAFQAw%3D%3D"
Guranse,Error
Tanglu,"https://www.google.com/maps/place/Tonglu,+West+Bengal/@27.0299992,88.0797003,15z/data=!4m7!3m6!1s0x39e5d17d5f6b2cc5:0x6e64cc80da070b30!8m2!3d27.03!4d88.09!10e1!16zL20vMGd2Ynoy?hl=en&entry=ttu&g_ep=EgoyMDI0MTIxMS4wIKXMDSoASAFQAw%3D%3D"
Bajrayogini Mandir,Error
Birat Durbar,"https://www.google.com/maps/place/Birat+Durbar+Square/@26.376327,87.267966,17z/data=!4m7!3m6!1s0x39ef9e30b62a6f13:0xeeca5d8e5a8ba6e2!8m2!3d26.376327!4d87.2705409!10e1!16s%2Fg%2F11bz__bfdr?hl=en&entry=ttu&g_ep=EgoyMDI0MTIxMS4wIKXMDSoASAFQAw%3D%3D"
konjyosom Pratima,"https://www.google.com/maps/place/Konjyosom+Pratima/@27.5482222,85.3985951,17z/data=!4m7!3m6!1s0x39eb13110ad95423:0x7265c1a3d01240d!8m2!3d27.5482222!4d85.40117!10e1!16s%2Fg%2F11thqpgg1y?hl=en&entry=ttu&g_ep=EgoyMDI0MTIxMS4wIKXMDSoASAFQAw%3D%3D"
Pathibhara Devi Temple,Error
Shree Panchmukhi Hanuman Mandir,Error
Trishuli River Rafting Adventure,Error
Dahakhani,Error
Uppardang Gadi,"https://www.google.com/maps/place/Uppardang+Gadi+(Chitwan)/@27.7618368,84.5803153,17z/data=!4m7!3m6!1s0x3994e140d4cf28c9:0x1a006a6db90252df!8m2!3d27.7618368!4d84.5828902!10e1!16s%2Fg%2F11fk0psrmt?hl=en&entry=ttu&g_ep=EgoyMDI0MTIxMS4wIKXMDSoASAFQAw%3D%3D"
Bal Gauri Mai,Error
Sri Durga Temple,Error
Umit Jharana,"https://www.google.com/maps/place/Umit+Jharana/@27.8184643,84.464659,17z/data=!4m7!3m6!1s0x39951dd40a1beb71:0xc463dd6c2ba6235!8m2!3d27.8184643!4d84.4672339!10e1!16s%2Fg%2F11svrfk18k?hl=en&entry=ttu&g_ep=EgoyMDI0MTIxMS4wIKXMDSoASAFQAw%3D%3D"
Simali Gaun,"https://www.google.com/maps/place/Simali+Gaun/@27.7683433,84.528241,17z/data=!4m7!3m6!1s0x3994e18db8ed9993:0x8d29e9cad1b3e758!8m2!3d27.7683433!4d84.5308159!10e1!16s%2Fg%2F11kq4y_7h2?hl=en&entry=ttu&g_ep=EgoyMDI0MTIxMS4wIKXMDSoASAFQAw%3D%3D"
Gardash,Error
Kamalbari,Error
Kabilas Chauki dada,"https://www.google.com/maps/place/Kabilas+Chauki+dada/@27.7952759,84.4661197,17z/data=!4m7!3m6!1s0x3994e33241b34cbf:0xea8f4946d8184955!8m2!3d27.7952759!4d84.4686946!10e1!16s%2Fg%2F11t30g6w5h?hl=en&entry=ttu&g_ep=EgoyMDI0MTIxMS4wIKXMDSoASAFQAw%3D%3D"
Thumki dada view homestay(Hadigaun),Error
Gairibari jharana,"https://www.google.com/maps/place/Gairibari+jharana/@27.7499909,84.5675297,17z/data=!4m7!3m6!1s0x3994e1c25c3a893d:0xf3a44b4e9e689a37!8m2!3d27.7499909!4d84.5701046!10e1!16s%2Fg%2F11fph38s3_?hl=en&entry=ttu&g_ep=EgoyMDI0MTIxMS4wIKXMDSoASAFQAw%3D%3D"
Naagdaha  Ichchhakamana,"https://www.google.com/maps/place/Naagdaha,+Ichchhakamana/@27.8317669,84.6072854,17z/data=!4m7!3m6!1s0x3995218119964859:0x390980e6d6e3c240!8m2!3d27.8317669!4d84.6098603!10e1!16s%2Fg%2F11sbwysdw7?hl=en&entry=ttu&g_ep=EgoyMDI0MTIxMS4wIKXMDSoASAFQAw%3D%3D"
Kathmandu Durbar Square ,Error
Namaste Falls,Error
Sarangkot,Error
Jaya Bageshwori Temple,Error
Ratnakar Mahabihar,Error
Yampi Mahabihar,Error
Mahabuddha Temple,"https://www.google.com/maps/place/Mahabodhi+Temple/@27.6689501,85.3245292,17z/data=!4m7!3m6!1s0x39eb19db17b28aff:0x4ca5e79d4d50ffd3!8m2!3d27.6689501!4d85.3271041!10e1!16s%2Fg%2F11n7jx4y9b?hl=en&entry=ttu&g_ep=EgoyMDI0MTIxMS4wIKXMDSoASAFQAw%3D%3D"
Batuk Bhairav Temple ,Error
Rato Machchhindranath Mandir,Error
Bajrakirti Mahabihar,Error
Central Zoo,"https://www.google.com/maps/place/Central+Zoo/@27.672704,85.3092545,17z/data=!4m8!3m7!1s0x39eb1833abc15517:0x30c81ed5340a3988!8m2!3d27.672704!4d85.3118294!9m1!1b1!16s%2Fm%2F0jt4nk9?hl=en&entry=ttu&g_ep=EgoyMDI0MTIxMS4wIKXMDSoASAFQAw%3D%3D"
Ichchhakamana Goddess,Error
Siraichuli Chitwan,"https://www.google.com/maps/place/Siraichuli+Hotel/@27.6882875,84.4227572,17z/data=!4m11!3m10!1s0x3994fbd2fbe45643:0x1259aea63bc10686!5m2!4m1!1i2!8m2!3d27.6882875!4d84.4253321!9m1!1b1!16s%2Fg%2F11j7d92f0v?hl=en&entry=ttu&g_ep=EgoyMDI0MTIxMS4wIKXMDSoASAFQAw%3D%3D"
Sankata Mandir,Error
Char Dham Mandir,Error
Ugrachandi Mandir,Error
Baishabarna Mahabihar,Error
Swanga Chibha,Error
Jay Manohar Mahabihar,Error
Jyotibarna Mahabihar,Error
Hiranyabarna Mahavihar,Error
Chabahal Stupa,Error
Akshayeshwor Mahabihar,Error
Rato Machchhindranath Jatra,Error
Balkumari Temple,Error
Krishna Mandir Sundhara ,Error
Tago Chibha,Error
Sankata Marga Mandir Parisar,Error
Batsaladebi Mandir,Error
Hasapota Ganesh Mandir,Error
Debsthal Dakshinkali Mandir,"https://www.google.com/maps/place/Dakshinkali+Temple/@27.605107,85.260895,17z/data=!4m7!3m6!1s0x39eb3d8343da7cf1:0x7e8c223bf4e3bd6!8m2!3d27.605107!4d85.2634699!10e1!16s%2Fm%2F04m_pmq?hl=en&entry=ttu&g_ep=EgoyMDI0MTIxMS4wIKXMDSoASAFQAw%3D%3D"
Triswambhu Chaitya,Error
Bhimsen Mandir Bhinddyolakshi,Error
Balkumari Mandir Chakrabahil,Error
Mani Mandap,Error
Balkumari Mandir,Error
Shakya Singh Bihar,Error
Ganesh Mandir Patan Dhoka,Error
Gajalakshmi Murti,Error
Sundari Chowk,Error
Bhedetar Bazar,"https://www.google.com/maps/place/Bhedetar+Bazar+%E1%A4%9B%E1%A4%A3%E1%A4%98%E1%A4%A0%E1%A4%96%E1%A4%A5/@26.8594058,87.3170842,17z/data=!4m7!3m6!1s0x39ef43f3635b1131:0xaacae6bc6f75bb79!8m2!3d26.8594058!4d87.3196591!10e1!16s%2Fg%2F11b5pkj7m0?hl=en&entry=ttu&g_ep=EgoyMDI0MTIxMS4wIKXMDSoASAFQAw%3D%3D"
Chakrabarna Mahabihar,Error
Bidhyadhari Debi Mandir,Error
Bishnu Debi Mandir,Error
Shree Bachha Mahabihar,Error
Kumari Ghar,"https://www.google.com/maps/place/Kumari+Ghar/@27.7037217,85.3038968,17z/data=!4m8!3m7!1s0x39eb18563743a4cf:0x13f814dd7f12d7ad!8m2!3d27.7037217!4d85.3064717!9m1!1b1!16s%2Fg%2F1vd6_r8z?hl=en&entry=ttu&g_ep=EgoyMDI0MTIxMS4wIKXMDSoASAFQAw%3D%3D"
Butwal Fulbari,Error
Swatha Narayan Mandir,Error
Ashok Stupa Lagankhel,Error
 Sikali Mandir,"https://www.google.com/maps/place/Sikali+Temple/@27.6435357,85.2829274,17z/data=!4m8!3m7!1s0x39eb17ee4e10205b:0xcc1a88f761f8297a!8m2!3d27.6435357!4d85.2855023!9m1!1b1!16s%2Fg%2F11c52mpyv5?hl=en&entry=ttu&g_ep=EgoyMDI0MTIxMS4wIKXMDSoASAFQAw%3D%3D"
Manakamana Mandir,Error
Pakadi Tree,Error
Rani Mahal,Error
Resunga Yagyashala,Error
Statue of Yalambar,Error
Ismakot,Error
Tilaurakot,Error
Rishikesh Temple,Error
Tumling,Error
"Hill Park, Butwal",Error
Meghma Monastry,Error
Nayabazar,Error
Malupokhari,Error
Balaguru Shivalaya Dham,Error
Mahadevasthan,Error
Dha Tala Mandir,Error
Tengboche Monastery ,"https://www.google.com/maps/place/Tengboche+Monastery/@27.8360551,86.7613749,17z/data=!4m8!3m7!1s0x39e9064a49bb9a01:0x3ac1621ebfea9b05!8m2!3d27.8360551!4d86.7639498!9m1!1b1!16s%2Fm%2F0bbvj_q?hl=en&entry=ttu&g_ep=EgoyMDI0MTIxMS4wIKXMDSoASAFQAw%3D%3D"
Nritya Vatsala Temple,Error
Pangboche Monastery ,Error
Nepal Folk Musical Instrument Museum,"https://www.google.com/maps/place/Nepali+Folk+Musical+Instrument+Museum/@27.6926673,85.3118787,17z/data=!4m7!3m6!1s0x39eb19b2a4e21c69:0xa01942372fa7af0b!8m2!3d27.6926673!4d85.3144536!10e1!16s%2Fg%2F11b6gpbx78?hl=en&entry=ttu&g_ep=EgoyMDI0MTIxMS4wIKXMDSoASAFQAw%3D%3D"
Kopan Monastery,"https://www.google.com/maps/place/Kopan+Monastery/@27.7426594,85.3623386,17z/data=!4m8!3m7!1s0x39eb1bfac9183291:0xa0d797e00f59ad4b!8m2!3d27.7426594!4d85.3649135!9m1!1b1!16zL20vMDdoXzF4?hl=en&entry=ttu&g_ep=EgoyMDI0MTIxMS4wIKXMDSoASAFQAw%3D%3D"
Pujari Math,Error
Janaki Mandir,"https://www.google.com/maps/place/Janaki+Temple/@26.7303858,85.922984,17z/data=!4m8!3m7!1s0x39ec40069de3d507:0x5e9842f10a951d7f!8m2!3d26.7303858!4d85.9255589!9m1!1b1!16s%2Fm%2F026nvx6?hl=en&entry=ttu&g_ep=EgoyMDI0MTIxMS4wIKXMDSoASAFQAw%3D%3D"
Dharma Dham,Error
Kedareshwor Mahadev Temple,Error
Malikarjun Temple ,Error
Khuwalung,Error
Siddhakali Temple,"https://www.google.com/maps/place/Siddhikali+Temple/@27.6806137,85.380479,17z/data=!4m7!3m6!1s0x39eb1a69041b2049:0x235ba39d475628b6!8m2!3d27.6806137!4d85.3830539!10e1!16s%2Fg%2F11h9xhyytc?hl=en&entry=ttu&g_ep=EgoyMDI0MTIxMS4wIKXMDSoASAFQAw%3D%3D"
Begnas Lake,"https://www.google.com/maps/place/Begnas+Lake/@28.1784405,84.091992,15z/data=!4m7!3m6!1s0x3995980202647001:0x88b3c3625fbda20e!8m2!3d28.1739372!4d84.0973258!10e1!16s%2Fm%2F0jl110_?hl=en&entry=ttu&g_ep=EgoyMDI0MTIxMS4wIKXMDSoASAFQAw%3D%3D"
Ram Sita Vivah Mandap,"https://www.google.com/maps/place/Shree+Ram+Janaki+Biwah+Mandap/@26.7309724,85.9224066,17z/data=!4m7!3m6!1s0x39ec4004272d21b3:0x9d53eac3f112f3cb!8m2!3d26.7309724!4d85.9249815!10e1!16s%2Fg%2F1tlbgztf?hl=en&entry=ttu&g_ep=EgoyMDI0MTIxMS4wIKXMDSoASAFQAw%3D%3D"
Ganga Sagar,Error
Dhanush Sagar,Error
Dattatraya,Error
Shree Sankat Mochan Temple,Error
Taltaliya Park,Error
Shree Bhairabi Temple,Error
Bhaleshwar Mahadev Temple,"https://www.google.com/maps/place/Bhaleshwar+Mahadev+Temple/@27.6659818,85.2028645,17z/data=!4m8!3m7!1s0x39eb2348a897f4e3:0x6c351bc3749db5aa!8m2!3d27.6659818!4d85.2054394!9m1!1b1!16s%2Fg%2F11g69gdth0?hl=en&entry=ttu&g_ep=EgoyMDI0MTIxMS4wIKXMDSoASAFQAw%3D%3D"
Gopal Fun Park,"https://www.google.com/maps/place/Gopal+Fun+Park/@26.4603683,87.3050423,17z/data=!4m7!3m6!1s0x39ef76c1fff00231:0xb82090c224da2ea9!8m2!3d26.4603683!4d87.3076172!10e1!16s%2Fg%2F11hbbydz8w?hl=en&entry=ttu&g_ep=EgoyMDI0MTIxMS4wIKXMDSoASAFQAw%3D%3D"
Dream Garden,Error
International Meditation Center Hall,"https://www.google.com/maps/place/International+Buddhist+Meditation+Center/@27.683346,85.3273921,17z/data=!4m7!3m6!1s0x39eb19bf464dc105:0xd20c595803424b5f!8m2!3d27.683346!4d85.329967!10e1!16s%2Fg%2F1hc1gftj3?hl=en&entry=ttu&g_ep=EgoyMDI0MTIxMS4wIKXMDSoASAFQAw%3D%3D"
Iskcon Chitwan,"https://www.google.com/maps/place/ISKCON+CHITWAN/@27.6995315,84.4494141,17z/data=!4m7!3m6!1s0x3994e5f18631cb77:0x78305ee1065734b2!8m2!3d27.6995315!4d84.451989!10e1!16s%2Fg%2F11rww_lsrg?hl=en&entry=ttu&g_ep=EgoyMDI0MTIxMS4wIKXMDSoASAFQAw%3D%3D"
Narayani River Bank Buddha Statue,Error
Maula Kalika temple,"https://www.google.com/maps/place/MAULA+KALIKA/@27.727521,84.4061706,17z/data=!4m7!3m6!1s0x3994fc9aff31710b:0x42d8a2cd01d66f64!8m2!3d27.727521!4d84.4087455!10e1!16s%2Fm%2F0h98r_z?hl=en&entry=ttu&g_ep=EgoyMDI0MTIxMS4wIKXMDSoASAFQAw%3D%3D"
Pashupatinath Temple,Error
Dupcheshwor Mahadev Mandir,Error
Swoyambhu Mahachaitya Nuwakot,Error
Bandevi Mandir,Error
Skywalk Tower,"https://www.google.com/maps/place/Skywalk+Tower+Kathmandu/@27.7083612,85.3166716,17z/data=!4m8!3m7!1s0x39eb19237fbbd959:0x6a954cd8c7e32a46!8m2!3d27.7083612!4d85.3192465!9m1!1b1!16s%2Fg%2F11tfvllzfl?hl=en&entry=ttu&g_ep=EgoyMDI0MTIxMS4wIKXMDSoASAFQAw%3D%3D"
Kathmandu Fun Park,Error
Harisiddhi Bhawani Mandir,Error
National Botanical Garden,Error
Brahmayani Temple,Error
Khanda Devi Temple,Error
Tribeni Dham,Error
Nag Daha,Error
Makwanpurgadhi,Error
GangaJamuna Temple,"https://www.google.com/maps/place/Ganga+Jamuna+Temple/@28.0876291,84.912844,17z/data=!4m7!3m6!1s0x39953384a0115f17:0x2be566e614fb75dd!8m2!3d28.0876291!4d84.9154189!10e1!16s%2Fg%2F11h5rj_1c7?hl=en&entry=ttu&g_ep=EgoyMDI0MTIxMS4wIKXMDSoASAFQAw%3D%3D"
Naag Pokhari,Error
Chitwan National Park,Error
Sangcholing Monastery,Error
Devghat Dham,"https://www.google.com/maps/place/Devghat+Dham/@27.7429386,84.420506,17z/data=!4m7!3m6!1s0x3994fcc758f860bf:0x11be97527cdbf44e!8m2!3d27.7429386!4d84.4230809!10e1!16s%2Fg%2F1tdcpyj1?hl=en&entry=ttu&g_ep=EgoyMDI0MTIxMS4wIKXMDSoASAFQAw%3D%3D"
Dolkha Bhimsen Mandir,Error
Kamal Pokhari Park,"https://www.google.com/maps/place/Kamal+Pokhari+Park/@27.7103591,85.3233946,17z/data=!4m7!3m6!1s0x39eb1908dca06029:0xca23bd5091f69489!8m2!3d27.7103591!4d85.3259695!10e1!16s%2Fg%2F11g72mrhpg?hl=en&entry=ttu&g_ep=EgoyMDI0MTIxMS4wIKXMDSoASAFQAw%3D%3D"
Seto Bhairab Mandir,Error
Ganeshthan Mandir,Error
Mahaboudhha,Error
Karyabinayak Mandir,Error
Tusa Hiti,"https://www.google.com/maps/place/Tusha+Hiti/@27.6726924,85.3225394,17z/data=!4m7!3m6!1s0x39eb19c572843b1d:0x480605ca010fe0ad!8m2!3d27.6726924!4d85.3251143!10e1!16s%2Fg%2F11g72gz5ss?hl=en&entry=ttu&g_ep=EgoyMDI0MTIxMS4wIKXMDSoASAFQAw%3D%3D"
Budhanilkantha Temple,Error
Char Narayan Mandir,Error
Bhubaneshwori Temple,Error
Bhimsen Jatra,Error
Bhimsen Mandir,Error
Mul Chowk,Error
Patan Durbar Square,Error
Jhor Waterfall,Error
Bhootkhel Park,Error
Chandragiri Hills,Error
Ghansikuwa,Error
 Mayadevi Temple,"https://www.google.com/maps/place/Maya+Devi+Temple/@27.4696415,83.2732099,17z/data=!4m7!3m6!1s0x399693610a88a989:0xafbf6e3b743d1e06!8m2!3d27.4696415!4d83.2757848!10e1!16s%2Fm%2F0zdnh_3?hl=en&entry=ttu&g_ep=EgoyMDI0MTIxMS4wIKXMDSoASAFQAw%3D%3D"
Chilancho Stupa,"https://www.google.com/maps/place/Chilancho/@27.67693,85.2753475,17z/data=!4m8!3m7!1s0x39eb180c7a93c0a1:0xc2ed5a16de82b3c1!8m2!3d27.67693!4d85.2779224!9m1!1b1!16s%2Fg%2F1tm8cdfx?hl=en&entry=ttu&g_ep=EgoyMDI0MTIxMS4wIKXMDSoASAFQAw%3D%3D"
Dakshinkali Temple,Error
Siddha Gufa ,"https://www.google.com/maps/place/Siddha+Gufa+Bimal+Nagar/@27.9483053,84.4164676,17z/data=!4m7!3m6!1s0x399504debe8761f7:0x94f748e1a199cd92!8m2!3d27.9483053!4d84.4190425!10e1!16s%2Fm%2F0_s1tl5?hl=en&entry=ttu&g_ep=EgoyMDI0MTIxMS4wIKXMDSoASAFQAw%3D%3D"
Shailung Hundred Hillocks,Error
Chiwong Monastery ,Error
Bhandarkhal Garden,Error
Champa Devi Temple,Error
Bhedetar View Tower,"https://www.google.com/maps/place/%E1%A4%9B%E1%A4%A3%E1%A4%98%E1%A4%A0%E1%A4%96%E1%A4%A5+Bhedetar+View+Tower/@26.861125,87.3167074,17z/data=!4m7!3m6!1s0x39ef4341190f1e09:0xaf74cf26a24d5649!8m2!3d26.861125!4d87.3192823!10e1!16s%2Fg%2F11s0z10pn_?hl=en&entry=ttu&g_ep=EgoyMDI0MTIxMS4wIKXMDSoASAFQAw%3D%3D"
Kanyam,Error
Shree Antu,Error
Taleju Mandir,"https://www.google.com/maps/place/Taleju+Bhawani+Temple/@27.7049154,85.3054718,17z/data=!4m7!3m6!1s0x39eb1856025cc86b:0x25c94a661e5bf981!8m2!3d27.7049154!4d85.3080467!10e1!16s%2Fg%2F1tdvhl5v?hl=en&entry=ttu&g_ep=EgoyMDI0MTIxMS4wIKXMDSoASAFQAw%3D%3D"
Meghma,Error
kumbheshwor Mahadev Mandir,Error
IchhaKamana Mandir,"https://www.google.com/maps/place/IchhaKamana+Mandir/@27.8714276,84.6222387,17z/data=!4m7!3m6!1s0x399521ca491098f1:0xe7809beacc9f5e7c!8m2!3d27.8714276!4d84.6248136!10e1!16s%2Fg%2F11dzwbggt1?hl=en&entry=ttu&g_ep=EgoyMDI0MTIxMS4wIKXMDSoASAFQAw%3D%3D"
Shree Satya Narayan Mandir,Error
Taleju Bhawani Temple,"https://www.google.com/maps/place/Taleju+Bhawani+Temple/@27.7049154,85.3054718,17z/data=!4m7!3m6!1s0x39eb1856025cc86b:0x25c94a661e5bf981!8m2!3d27.7049154!4d85.3080467!10e1!16s%2Fg%2F1tdvhl5v?hl=en&entry=ttu&g_ep=EgoyMDI0MTIxMS4wIKXMDSoASAFQAw%3D%3D"
Jalbire Jharna,"https://www.google.com/maps/place/Jalbire+Jharna/@27.8245696,84.5247296,17z/data=!4m7!3m6!1s0x39951e076bea199d:0x2cb7575a34362dbe!8m2!3d27.8245696!4d84.5273045!10e1!16s%2Fg%2F11fyln6s8r?hl=en&entry=ttu&g_ep=EgoyMDI0MTIxMS4wIKXMDSoASAFQAw%3D%3D"
Chuchhe Dhunga,Error
"Doleshwor Mahadeva, the head of the Kedarnath","https://www.google.com/maps/place/Doleshwar+Mahadev+Temple/@27.6388668,85.4358342,17z/data=!4m8!3m7!1s0x39eb102067c08f1d:0x53d813e833fbae4!8m2!3d27.6388668!4d85.4384091!9m1!1b1!16s%2Fm%2F0ll0t_h?hl=en&entry=ttu&g_ep=EgoyMDI0MTIxMS4wIKXMDSoASAFQAw%3D%3D"
Maha Manjushree Temple (Saraswatisthan or Lhasapakhe),Error
Mahalaxmi temple of Thimi,Error
Bode Kumari Temple,Error
Thimi Pottery Square,"https://www.google.com/maps/place/Thimi+Pottery+Square/@27.6793234,85.3822679,17z/data=!4m8!3m7!1s0x39eb1bb18166f277:0x60ee195bb2f36ca3!8m2!3d27.6793234!4d85.3848428!9m1!1b1!16s%2Fg%2F11p0vd405n?hl=en&entry=ttu&g_ep=EgoyMDI0MTIxMS4wIKXMDSoASAFQAw%3D%3D"
Bisantaki Tirtha-Shileshwor,Error
Chonga Ganesh Temple and jungle of Sallaghari,"https://www.google.com/maps/place/Chonga+Ganesh+Temple/@27.6742589,85.408373,17z/data=!4m7!3m6!1s0x39eb1a90ba453961:0xcc32ac4fe3937bc3!8m2!3d27.6742589!4d85.4109479!10e1!16s%2Fg%2F1tj5jklt?hl=en&entry=ttu&g_ep=EgoyMDI0MTIxMS4wIKXMDSoASAFQAw%3D%3D"
Hanuman Ghat (Khorhe) of Bhaktapur,Error
Mahankal Trishul Danda,Error
Buddha Peace Park,"https://www.google.com/maps/place/Buddha+Peace+Park/@27.709765,85.4998404,17z/data=!4m8!3m7!1s0x39eb05cb18e1bd23:0xfab47d9aa45fe2c6!8m2!3d27.709765!4d85.5024153!9m1!1b1!16s%2Fg%2F11dfhtdj4k?hl=en&entry=ttu&g_ep=EgoyMDI0MTIxMS4wIKXMDSoASAFQAw%3D%3D"
Suryabinayak temple,"https://www.google.com/maps/place/Suryabinayak+Ganesh+Temple/@27.6562438,85.420847,17z/data=!4m7!3m6!1s0x39eb10093513bdbd:0xa2e924b9285560c6!8m2!3d27.6562438!4d85.4234219!10e1!16s%2Fm%2F0nd3h1r?hl=en&entry=ttu&g_ep=EgoyMDI0MTIxMS4wIKXMDSoASAFQAw%3D%3D"
Taumadhi Square,Error
Dattatraya Square,"https://www.google.com/maps/place/Dattatraya+Temple+%E0%A4%A6%E0%A4%A4%E0%A5%8D%E0%A4%A4%E0%A4%BE%E0%A4%A4%E0%A5%8D%E0%A4%B0%E0%A4%AF+%E0%A4%AE%E0%A4%A8%E0%A5%8D%E0%A4%A6%E0%A4%BF%E0%A4%B0/@27.6734281,85.4328039,17z/data=!4m7!3m6!1s0x39eb1aad7a6c0001:0xc28ecfd4c98a91f4!8m2!3d27.6734281!4d85.4353788!10e1!16s%2Fg%2F11c31963s0?hl=en&entry=ttu&g_ep=EgoyMDI0MTIxMS4wIKXMDSoASAFQAw%3D%3D"
Pottery Square of Bhaktapur,"https://www.google.com/maps/place/Pottery+Square+(Talako+Tole)+-+%E0%A4%95%E0%A5%81%E0%A4%AE%E0%A5%8D%E0%A4%B9%E0%A4%83+%E0%A4%A4%E0%A5%8D%E0%A4%B5/@27.669785,85.4251838,17z/data=!4m7!3m6!1s0x39eb1b146e278beb:0x752e51a568b15ac7!8m2!3d27.669785!4d85.4277587!10e1!16s%2Fg%2F11j3rqnd2q?hl=en&entry=ttu&g_ep=EgoyMDI0MTIxMS4wIKXMDSoASAFQAw%3D%3D"
Latarambeshwor Mahadev temple,Error
Aashapuri,Error
Muhan Pokhari,Error
Kalamasi-Bojini dam site and picnic spot,"https://www.google.com/maps/place/%E0%A4%AC%E0%A5%8B%E0%A4%9C%E0%A4%BF%E0%A4%A8%E0%A5%80+%E0%A4%A1%E0%A5%8D%E0%A4%AF%E0%A4%BE%E0%A4%AE+%E0%A4%A4%E0%A4%A5%E0%A4%BE+%E0%A4%AA%E0%A4%BF%E0%A4%95%E0%A4%A8%E0%A4%BF%E0%A4%95+%E0%A4%B8%E0%A5%8D%E0%A4%A5%E0%A4%B2/@27.6927496,85.4961165,17z/data=!4m7!3m6!1s0x39eb05bf44954c57:0x5e504e47b15e4623!8m2!3d27.6927496!4d85.4986914!10e1!16s%2Fg%2F11g6xk7dnx?hl=en&entry=ttu&g_ep=EgoyMDI0MTIxMS4wIKXMDSoASAFQAw%3D%3D"
Changu,Error
Telkot,Error
Gundu,Error
Chaling,Error
Subarneshwor Mahadeva Temple,Error
Anantalingeshwor Mahadeva Temple,Error
Bode,Error
Thimi,Error
All about the tallest statue of Kailashnath Mahadeva,"https://www.google.com/maps/place/Kailashnath+Mahadev+Statue/@27.6460946,85.4716214,17z/data=!4m8!3m7!1s0x39eb0f753fffff8b:0xa7066333d51960b4!8m2!3d27.6460946!4d85.4741963!9m1!1b1!16s%2Fm%2F0j3gqrb?hl=en&entry=ttu&g_ep=EgoyMDI0MTIxMS4wIKXMDSoASAFQAw%3D%3D"
Sagarmatha National Park,"https://www.google.com/maps/place/Sagarmatha+National+Park/@27.9324234,86.6988145,17z/data=!4m8!3m7!1s0x39e854b9e858ff5b:0xa79466607d8747be!8m2!3d27.9324234!4d86.7013894!9m1!1b1!16zL20vMDIweXB6?hl=en&entry=ttu&g_ep=EgoyMDI0MTIxMS4wIKXMDSoASAFQAw%3D%3D"
Kathmandu Valley ,"https://www.google.com/maps/place/Kathmandu+Valley/@27.6666659,85.3397003,15z/data=!4m7!3m6!1s0x39eb19f95ee58aff:0x18c88ee802315e15!8m2!3d27.6666667!4d85.35!10e1!16zL20vMDZxanFu?hl=en&entry=ttu&g_ep=EgoyMDI0MTIxMS4wIKXMDSoASAFQAw%3D%3D"
"Lumbini, the Birthplace of the Lord Buddha","https://www.google.com/maps/place/Birthplace+of+Gautama+Buddha/@27.4693726,83.273209,17z/data=!4m8!3m7!1s0x399695c9ba91d0cf:0xfb81e5b97d30869b!8m2!3d27.4693726!4d83.2757839!9m1!1b1!16s%2Fg%2F11rlztd7nt?hl=en&entry=ttu&g_ep=EgoyMDI0MTIxMS4wIKXMDSoASAFQAw%3D%3D"
